ITERATION,GAP,STD_DEV,MAXIMUM,RMSE,DIFFERENCE,TOTAL
1,1.000000,13.748141,1.000000,1378.4,56138460,56138460
2,0.849609,11.327042,1.000000,1135.9,54993935,64728521
3,0.534324,9.117799,1.000000,913.3,11171376,20907514
