ITERATION,GAP,STD_DEV,MAXIMUM,RMSE,DIFFERENCE,TOTAL
1,1.000000,13.700771,1.000000,1373.7,57790623,57790623
2,0.852273,11.301647,1.000000,1133.4,56685670,66511161
3,0.537500,9.083639,1.000000,910.0,11383545,21178695
