ITERATION,GAP,STD_DEV,MAXIMUM,RMSE,DIFFERENCE,TOTAL
1,1.000000,13.776090,1.000000,1381.2,57143956,57143956
2,0.846355,11.257938,1.000000,1129.0,55716827,65831475
3,0.536350,9.386553,1.000000,940.2,11485209,21413647
