ITERATION,GAP,STD_DEV,MAXIMUM,RMSE,DIFFERENCE,TOTAL
1,1.000000,13.772672,1.000000,1380.9,57173470,57173470
2,0.846170,11.258436,1.000000,1129.0,55686032,65809515
3,0.537030,9.466366,1.000000,948.2,11504000,21421525
